Id,Balance,Amount,Currency,Type,Quantity,Status,Modified (UTC),Trade Id,ISIN,Instrument Symbol,Instrument Name,Commission,Regulatory fees,Taxes,Account type
"140953416552602","1121.07","-5.81","USD","TRADE","","PROCESSED","2026-10-07 10:07:43.706856 +00:00","000940dd-0001-54c4-0000-50fd0007bb8f_000940dd-0001-54c4-0000-000085655059","-","BTC/USD","Bitcoin/USD","","","","CFD"
"140953348394314","1126.88","4.17","USD","TRADE","","PROCESSED","2026-10-07 10:06:38.238560 +00:00","07101627-0000-5552-0000-50fd000861c6_07101627-0000-5552-0000-000083097535","-","DE40","Germany 40","","","","CFD"
"140949695125572","1122.71","0.07","USD","TRADE","","PROCESSED","2026-10-07 09:08:34.337807 +00:00","00018509-0001-54c4-0000-50fd000162a8_00018509-0001-54c4-0000-0000875862bf","-","Oil - Crude","Crude Oil Spot","","","","CFD"
"140948998863184","1122.64","0.12","USD","TRADE","","PROCESSED","2026-10-07 08:57:30.454822 +00:00","00007090-0000-a419-0000-50fd00157127_00007090-0000-a419-0000-000080fc01cb","-","GBP/JPY","GBP/JPY","","","","CFD"
"140947099881103","1122.52","0.45","USD","TRADE","","PROCESSED","2026-10-07 08:27:19.437322 +00:00","07101627-0000-5552-0000-50fd00059642_07101627-0000-5552-0000-0000830962ab","-","DE40","Germany 40","","","","CFD"
"140943758167199","1122.07","3.30","USD","TRADE","","PROCESSED","2026-10-07 07:34:12.874851 +00:00","00384627-0001-54c4-0000-50fd0002beb3_00384627-0001-54c4-0000-000089f5a07a","-","US100","US Tech 100","","","","CFD"
"140943269526127","1118.77","4.64","USD","TRADE","","PROCESSED","2026-10-07 07:26:26.473502 +00:00","07101627-0000-5552-0000-50fd00036eed_07101627-0000-5552-0000-0000830962ab","-","DE40","Germany 40","","","","CFD"
"140920465118050","1114.13","-4.69","USD","TRADE","","PROCESSED","2026-10-07 01:23:58.473790 +00:00","004cf31d-0001-54c4-0000-50fd0005e34a_004cf31d-0001-54c4-0000-000081740536","-","SOL/USD","Solana/USD","","","","CFD"
"140904891621666","1118.82","-1.04","USD","TRADE","","PROCESSED","2026-10-06 21:16:26.047642 +00:00","00005552-0001-54c4-0000-50fc00147704_00005552-0001-54c4-0000-000082211dcf","-","EUR/USD","EUR/USD","","","","CFD"
"140903941554327","1119.86","-0.28","USD","SWAP","","PROCESSED","2026-10-06 21:01:20.114111 +00:00","","-","SOL/USD","Solana/USD","","","","CFD"
"140903909052843","1120.14","0.00","USD","SWAP","","PROCESSED","2026-10-06 21:00:49.035470 +00:00","","-","EUR/USD","EUR/USD","","","","CFD"
"140903873407293","1120.14","-0.11","USD","SWAP","","PROCESSED","2026-10-06 21:00:15.990684 +00:00","","-","US100","US Tech 100","","","","CFD"
"140900104867841","1120.25","0.02","USD","CORPORATE_ACTION","","PROCESSED","2026-10-06 20:00:21.457369 +00:00","","-","US100","US Tech 100","","","","CFD"
"140896444232320","1120.23","-2.50","USD","TRADE","","PROCESSED","2026-10-06 19:02:10.495114 +00:00","006011e7-0001-54c4-0000-50fc00077f32_006011e7-0001-54c4-0000-0000824d4465","-","Silver","Silver","","","","CFD"
"140889560411063","1122.73","-5.72","USD","TRADE","","PROCESSED","2026-10-06 17:12:45.873346 +00:00","000940dd-0001-54c4-0000-50fc000f6b12_000940dd-0001-54c4-0000-00008565416d","-","BTC/USD","Bitcoin/USD","","","","CFD"
"140887251425877","1128.45","0.09","USD","TRADE","","PROCESSED","2026-10-06 16:36:03.576753 +00:00","0015421d-0001-54c4-0000-50fc00060c9b_0015421d-0001-54c4-0000-000085173121","-","ETH/USD","Ethereum/USD","","","","CFD"
"140881464278291","1128.36","0.03","USD","TRADE","","PROCESSED","2026-10-06 15:04:04.785784 +00:00","00601567-0001-54c4-0000-50fc0013821f_00601567-0001-54c4-0000-0000924ee9de","-","Gold","Gold","","","","CFD"
"140875873320642","1128.33","2.28","USD","TRADE","","PROCESSED","2026-10-06 13:35:12.771152 +00:00","00384627-0001-54c4-0000-50fc000669d6_00384627-0001-54c4-0000-000089f5a07a","-","US100","US Tech 100","","","","CFD"
"140869371153140","1126.05","-3.94","USD","TRADE","","PROCESSED","2026-10-06 11:51:51.756149 +00:00","00601567-0001-54c4-0000-50fc000d9c2c_00601567-0001-54c4-0000-0000924e1ed5","-","Gold","Gold","","","","CFD"
"140868596246332","1129.99","-2.86","USD","TRADE","","PROCESSED","2026-10-06 11:39:32.466465 +00:00","006011e7-0001-54c4-0000-50fc00045f0e_006011e7-0001-54c4-0000-0000824d2d62","-","Silver","Silver","","","","CFD"
"140854717305326","1132.85","-5.75","USD","TRADE","","PROCESSED","2026-10-06 07:58:56.118499 +00:00","00007090-0000-a419-0000-50fc0013ff8d_00007090-0000-a419-0000-000080fc00c5","-","GBP/JPY","GBP/JPY","","","","CFD"
"140849584490025","1138.60","-5.81","USD","TRADE","","PROCESSED","2026-10-06 06:37:21.376628 +00:00","07101627-0000-5552-0000-50fc00023799_07101627-0000-5552-0000-00008309351e","-","DE40","Germany 40","","","","CFD"
"140847644606899","1144.41","-2.88","USD","TRADE","","PROCESSED","2026-10-06 06:06:31.284134 +00:00","000940dd-0001-54c4-0000-50fc0004671a_000940dd-0001-54c4-0000-00008565398e","-","BTC/USD","Bitcoin/USD","","","","CFD"
"140813385473899","1147.29","-0.43","USD","SWAP","","PROCESSED","2026-10-05 21:01:59.022366 +00:00","","-","BTC/USD","Bitcoin/USD","","","","CFD"
"140813286949150","1147.72","-0.17","USD","SWAP","","PROCESSED","2026-10-05 21:00:25.824374 +00:00","","-","US100","US Tech 100","","","","CFD"
"140807343610812","1147.89","1.42","USD","TRADE","","PROCESSED","2026-10-05 19:25:57.473884 +00:00","00005552-0001-54c4-0000-50fb0018fd09_00005552-0001-54c4-0000-0000822100c0","-","EUR/USD","EUR/USD","","","","CFD"
"140792784152783","1146.47","0.57","USD","TRADE","","PROCESSED","2026-10-05 15:34:32.056336 +00:00","0015421d-0001-54c4-0000-50fb000d0201_0015421d-0001-54c4-0000-00008517000c","-","ETH/USD","Ethereum/USD","","","","CFD"
"140792673002554","1145.90","1.18","USD","TRADE","","PROCESSED","2026-10-05 15:32:46.399698 +00:00","000940dd-0001-54c4-0000-50fb0011a84a_000940dd-0001-54c4-0000-000085650332","-","BTC/USD","Bitcoin/USD","","","","CFD"
"140791090677269","1144.72","-5.76","USD","TRADE","","PROCESSED","2026-10-05 15:07:37.409220 +00:00","00018509-0001-54c4-0000-50fb00042f17_00018509-0001-54c4-0000-000087577512","-","Oil - Crude","Crude Oil Spot","","","","CFD"
"140789995950662","1150.48","1.25","USD","TRADE","","PROCESSED","2026-10-05 14:50:13.979706 +00:00","07101627-0000-5552-0000-50fb00148285_07101627-0000-5552-0000-0000830924ea","-","DE40","Germany 40","","","","CFD"
"140789709686798","1149.23","0.09","USD","TRADE","","PROCESSED","2026-10-05 14:45:40.825986 +00:00","0061241d-0001-54c4-0000-50fb0006bc92_0061241d-0001-54c4-0000-0000815700a5","-","XRP/USD","Ripple/USD","","","","CFD"
"140787560210001","1149.14","1.40","USD","TRADE","","PROCESSED","2026-10-05 14:11:30.434451 +00:00","0015421d-0001-54c4-0000-50fb000b7b97_0015421d-0001-54c4-0000-00008517000c","-","ETH/USD","Ethereum/USD","","","","CFD"
"140785256437476","1147.74","4.07","USD","TRADE","","PROCESSED","2026-10-05 13:34:53.755842 +00:00","07101627-0000-5552-0000-50fb0011a357_07101627-0000-5552-0000-0000830924ea","-","DE40","Germany 40","","","","CFD"
"140779329828621","1143.67","-5.65","USD","TRADE","","PROCESSED","2026-10-05 12:00:41.570206 +00:00","07101627-0000-5552-0000-50fb000ec8dd_07101627-0000-5552-0000-000083090c32","-","DE40","Germany 40","","","","CFD"
"140776619363387","1149.32","-5.59","USD","TRADE","","PROCESSED","2026-10-05 11:17:36.233817 +00:00","00007090-0000-a419-0000-50fb0023e7c3_00007090-0000-a419-0000-000080fc003b","-","GBP/JPY","GBP/JPY","","","","CFD"
"140767186308655","1154.91","-5.74","USD","TRADE","","PROCESSED","2026-10-05 08:47:40.117378 +00:00","00018509-0001-54c4-0000-50fb0001b4a2_00018509-0001-54c4-0000-000087572e76","-","Oil - Crude","Crude Oil Spot","","","","CFD"
"140763677734359","1160.65","-2.88","USD","TRADE","","PROCESSED","2026-10-05 07:51:54.505538 +00:00","006011e7-0001-54c4-0000-50fb0003214f_006011e7-0001-54c4-0000-0000824d0ac4","-","Silver","Silver","","","","CFD"
"140762066190034","1163.53","7.00","USD","TRADE","","PROCESSED","2026-10-05 07:26:17.362797 +00:00","07101627-0000-5552-0000-50fb0004d138_07101627-0000-5552-0000-000083090518","-","DE40","Germany 40","","","","CFD"
"140757331829945","1156.53","1.78","USD","TRADE","","PROCESSED","2026-10-05 06:11:02.034595 +00:00","00005552-0001-54c4-0000-50fb00066fe7_00005552-0001-54c4-0000-0000822100c0","-","EUR/USD","EUR/USD","","","","CFD"
"140723751139185","1154.75","1.21","USD","TRADE","","PROCESSED","2026-10-04 21:17:17.982543 +00:00","000940dd-0001-54c4-0000-50fa00070198_000940dd-0001-54c4-0000-000085650332","-","BTC/USD","Bitcoin/USD","","","","CFD"
"140722786410625","1153.54","-0.12","USD","SWAP","","PROCESSED","2026-10-04 21:01:57.669764 +00:00","","-","ETH/USD","Ethereum/USD","","","","CFD"
"140722781286575","1153.66","-0.15","USD","SWAP","","PROCESSED","2026-10-04 21:01:52.426326 +00:00","","-","BTC/USD","Bitcoin/USD","","","","CFD"
"140722750786070","1153.81","-0.10","USD","SWAP","","PROCESSED","2026-10-04 21:01:23.807740 +00:00","","-","XRP/USD","Ripple/USD","","","","CFD"
"140632193644499","1153.91","-0.12","USD","SWAP","","PROCESSED","2026-10-03 21:02:01.689607 +00:00","","-","ETH/USD","Ethereum/USD","","","","CFD"
"140632188389632","1154.03","-0.15","USD","SWAP","","PROCESSED","2026-10-03 21:01:56.071421 +00:00","","-","BTC/USD","Bitcoin/USD","","","","CFD"
"140632151704345","1154.18","-0.10","USD","SWAP","","PROCESSED","2026-10-03 21:01:21.660505 +00:00","","-","XRP/USD","Ripple/USD","","","","CFD"
"140532639838465","1154.28","-1.98","USD","TRADE","","PROCESSED","2026-10-02 18:39:39.588284 +00:00","0015421d-0001-54c4-0000-50f80011d117_0015421d-0001-54c4-0000-00008511ce63","-","ETH/USD","Ethereum/USD","","","","CFD"
"140532627255108","1156.26","-2.77","USD","TRADE","","PROCESSED","2026-10-02 18:39:27.342097 +00:00","000940dd-0001-54c4-0000-50f800193aab_000940dd-0001-54c4-0000-0000855f7db6","-","BTC/USD","Bitcoin/USD","","","","CFD"
"140520198491919","1159.03","-0.41","USD","TRADE","","PROCESSED","2026-10-02 15:21:54.303843 +00:00","00007090-0000-a419-0000-50f80036d3bc_00007090-0000-a419-0000-000080f61dfc","-","GBP/JPY","GBP/JPY","","","","CFD"
"140519765422215","1159.44","3.33","USD","TRADE","","PROCESSED","2026-10-02 15:15:01.028855 +00:00","00601567-0001-54c4-0000-50f800191015_00601567-0001-54c4-0000-00009242b143","-","Gold","Gold","","","","CFD"
"140517203699813","1156.11","1.62","USD","TRADE","","PROCESSED","2026-10-02 14:34:18.021605 +00:00","00601567-0001-54c4-0000-50f800171dea_00601567-0001-54c4-0000-00009242b143","-","Gold","Gold","","","","CFD"
"140509387682907","1154.49","-3.22","USD","TRADE","","PROCESSED","2026-10-02 12:30:04.590060 +00:00","006011e7-0001-54c4-0000-50f8000508c4_006011e7-0001-54c4-0000-000082478761","-","Silver","Silver","","","","CFD"
"140507243319160","1157.71","2.90","USD","TRADE","","PROCESSED","2026-10-02 11:55:59.654607 +00:00","0061241d-0001-54c4-0000-50f8000546a5_0061241d-0001-54c4-0000-000081513551","-","XRP/USD","Ripple/USD","","","","CFD"
"140492259166845","1154.81","-5.89","USD","TRADE","","PROCESSED","2026-10-02 07:57:49.074020 +00:00","07101627-0000-5552-0000-50f8000649ac_07101627-0000-5552-0000-000082fdd746","-","DE40","Germany 40","","","","CFD"
"140490245884698","1160.70","-5.70","USD","TRADE","","PROCESSED","2026-10-02 07:25:49.677323 +00:00","00018509-0001-54c4-0000-50f80001048a_00018509-0001-54c4-0000-00008750ce06","-","Oil - Crude","Crude Oil Spot","","","","CFD"
"140485169691723","1166.40","-5.76","USD","TRADE","","PROCESSED","2026-10-02 06:05:08.581142 +00:00","006011e7-0001-54c4-0000-50f8000222b1_006011e7-0001-54c4-0000-000082477524","-","Silver","Silver","","","","CFD"
"140480610457260","1172.16","2.93","USD","TRADE","","PROCESSED","2026-10-02 04:52:40.583664 +00:00","0061241d-0001-54c4-0000-50f8000219ef_0061241d-0001-54c4-0000-000081513551","-","XRP/USD","Ripple/USD","","","","CFD"
"140447091768077","1169.23","5.72","USD","TRADE","","PROCESSED","2026-10-01 19:59:54.816474 +00:00","07101627-0000-5552-0000-50f7001f838c_07101627-0000-5552-0000-000082fdb380","-","DE40","Germany 40","","","","CFD"
"140442859689713","1163.51","2.18","USD","TRADE","","PROCESSED","2026-10-01 18:52:38.991851 +00:00","000940dd-0001-54c4-0000-50f700185009_000940dd-0001-54c4-0000-0000855f5fee","-","BTC/USD","Bitcoin/USD","","","","CFD"
"140439649966066","1161.33","9.73","USD","TRADE","","PROCESSED","2026-10-01 18:01:37.628166 +00:00","00007090-0000-a419-0000-50f700404d0b_00007090-0000-a419-0000-000080f61c1c","-","GBP/JPY","GBP/JPY","","","","CFD"
"140439394108469","1151.60","2.39","USD","TRADE","","PROCESSED","2026-10-01 17:57:33.585251 +00:00","000940dd-0001-54c4-0000-50f70016c9fb_000940dd-0001-54c4-0000-0000855f5fee","-","BTC/USD","Bitcoin/USD","","","","CFD"
"140425903206050","1149.21","-5.61","USD","TRADE","","PROCESSED","2026-10-01 14:23:07.734063 +00:00","00384627-0001-54c4-0000-50f70009058e_00384627-0001-54c4-0000-000089ed3dda","-","US100","US Tech 100","","","","CFD"
"140425077964783","1154.82","1.82","USD","TRADE","","PROCESSED","2026-10-01 14:10:00.273718 +00:00","000940dd-0001-54c4-0000-50f7000f2d7c_000940dd-0001-54c4-0000-0000855f5fee","-","BTC/USD","Bitcoin/USD","","","","CFD"
"140425028680828","1153.00","4.35","USD","TRADE","","PROCESSED","2026-10-01 14:09:13.960778 +00:00","07101627-0000-5552-0000-50f70014b7f9_07101627-0000-5552-0000-000082fdb380","-","DE40","Germany 40","","","","CFD"
"140423550156186","1148.65","3.04","USD","TRADE","","PROCESSED","2026-10-01 13:45:43.994329 +00:00","07101627-0000-5552-0000-50f700137f7a_07101627-0000-5552-0000-000082fdb380","-","DE40","Germany 40","","","","CFD"
"140420692741355","1145.61","4.32","USD","TRADE","","PROCESSED","2026-10-01 13:00:18.364192 +00:00","00018509-0001-54c4-0000-50f70003dd26_00018509-0001-54c4-0000-0000874fff80","-","Oil - Crude","Crude Oil Spot","","","","CFD"
"140409670138029","1141.29","-2.81","USD","TRADE","","PROCESSED","2026-10-01 10:05:06.829360 +00:00","0061241d-0001-54c4-0000-50f700044554_0061241d-0001-54c4-0000-00008151318e","-","XRP/USD","Ripple/USD","","","","CFD"
"140401211329324","1144.10","3.06","USD","TRADE","","PROCESSED","2026-10-01 07:50:39.063777 +00:00","00007090-0000-a419-0000-50f70015e1a6_00007090-0000-a419-0000-000080f61c1c","-","GBP/JPY","GBP/JPY","","","","CFD"
"140399389922130","1141.04","5.53","USD","TRADE","","PROCESSED","2026-10-01 07:21:42.959435 +00:00","00018509-0001-54c4-0000-50f700016d07_00018509-0001-54c4-0000-0000874fff80","-","Oil - Crude","Crude Oil Spot","","","","CFD"
"140390893232739","1135.51","-5.82","USD","TRADE","","PROCESSED","2026-10-01 05:06:39.480048 +00:00","006011e7-0001-54c4-0000-50f70001b8f0_006011e7-0001-54c4-0000-000082475133","-","Silver","Silver","","","","CFD"
"140386322593188","1141.33","3.24","USD","TRADE","","PROCESSED","2026-10-01 03:54:00.789059 +00:00","00601567-0001-54c4-0000-50f700037522_00601567-0001-54c4-0000-0000923bdd98","-","Gold","Gold","","","","CFD"
"140373525708157","1138.09","-5.77","USD","TRADE","","PROCESSED","2026-10-01 00:30:36.751689 +00:00","00007090-0000-a419-0000-50f70001c5df_00007090-0000-a419-0000-000080f61bba","-","GBP/JPY","GBP/JPY","","","","CFD"
"140369902856682","1143.86","9.67","USD","TRADE","","PROCESSED","2026-09-30 23:33:01.451764 +00:00","07101627-0000-5552-0000-50f600182005_07101627-0000-5552-0000-000082fd6074","-","DE40","Germany 40","","","","CFD"
"140360397502013","1134.19","-0.02","USD","SWAP","","PROCESSED","2026-09-30 21:01:56.024187 +00:00","","-","DE40","Germany 40","","","","CFD"
"140360374497076","1134.21","-0.13","USD","SWAP","","PROCESSED","2026-09-30 21:01:34.149692 +00:00","","-","XRP/USD","Ripple/USD","","","","CFD"
"140360333599085","1134.34","-0.68","USD","SWAP","","PROCESSED","2026-09-30 21:00:55.071130 +00:00","","-","GBP/JPY","GBP/JPY","","","","CFD"
"140360304286957","1135.02","0.14","USD","SWAP","","PROCESSED","2026-09-30 21:00:27.626241 +00:00","","-","Gold","Gold","","","","CFD"
"140355953740138","1134.88","-2.78","USD","TRADE","","PROCESSED","2026-09-30 19:51:18.656259 +00:00","000940dd-0001-54c4-0000-50f600154656_000940dd-0001-54c4-0000-0000855f56aa","-","BTC/USD","Bitcoin/USD","","","","CFD"
"140335002083662","1137.66","7.47","USD","TRADE","","PROCESSED","2026-09-30 14:18:17.259941 +00:00","000940dd-0001-54c4-0000-50f6000ec00c_000940dd-0001-54c4-0000-0000855f4139","-","BTC/USD","Bitcoin/USD","","","","CFD"
"140333821366797","1130.19","2.09","USD","TRADE","","PROCESSED","2026-09-30 13:59:31.118534 +00:00","00601567-0001-54c4-0000-50f60012c3f3_00601567-0001-54c4-0000-0000923bdd98","-","Gold","Gold","","","","CFD"
"140328199965787","1128.10","2.39","USD","TRADE","","PROCESSED","2026-09-30 12:30:10.574780 +00:00","006011e7-0001-54c4-0000-50f600046f25_006011e7-0001-54c4-0000-000082472d7a","-","Silver","Silver","","","","CFD"
"140318133688352","1125.71","-5.51","USD","TRADE","","PROCESSED","2026-09-30 09:50:10.381594 +00:00","00007090-0000-a419-0000-50f6001f7d0e_00007090-0000-a419-0000-000080f61ae2","-","GBP/JPY","GBP/JPY","","","","CFD"
"140317811773769","1131.22","4.98","USD","TRADE","","PROCESSED","2026-09-30 09:45:03.949901 +00:00","07101627-0000-5552-0000-50f60008256c_07101627-0000-5552-0000-000082fd6074","-","DE40","Germany 40","","","","CFD"
"140314833792273","1126.24","3.32","USD","TRADE","","PROCESSED","2026-09-30 08:57:43.263069 +00:00","006011e7-0001-54c4-0000-50f600032965_006011e7-0001-54c4-0000-000082472d7a","-","Silver","Silver","","","","CFD"
"140312837289544","1122.92","4.95","USD","TRADE","","PROCESSED","2026-09-30 08:25:59.973652 +00:00","07101627-0000-5552-0000-50f60005ddf4_07101627-0000-5552-0000-000082fd6074","-","DE40","Germany 40","","","","CFD"
"140269809978567","1117.97","-0.36","USD","SWAP","","PROCESSED","2026-09-29 21:02:05.368640 +00:00","","-","BTC/USD","Bitcoin/USD","","","","CFD"
"140268375507594","1118.33","-5.49","USD","TRADE","","PROCESSED","2026-09-29 20:39:17.357142 +00:00","006011e7-0001-54c4-0000-50f500082f9f_006011e7-0001-54c4-0000-0000824713b1","-","Silver","Silver","","","","CFD"
"140261991830253","1123.82","4.01","USD","TRADE","","PROCESSED","2026-09-29 18:57:49.279829 +00:00","000940dd-0001-54c4-0000-50f5001882bb_000940dd-0001-54c4-0000-0000855f4139","-","BTC/USD","Bitcoin/USD","","","","CFD"
"140248740963143","1119.81","3.22","USD","TRADE","","PROCESSED","2026-09-29 15:27:12.852396 +00:00","00384627-0001-54c4-0000-50f50008d72b_00384627-0001-54c4-0000-000089ea6480","-","US100","US Tech 100","","","","CFD"
"140244636910016","1116.59","-5.40","USD","TRADE","","PROCESSED","2026-09-29 14:21:58.178156 +00:00","00601567-0001-54c4-0000-50f500113e16_00601567-0001-54c4-0000-000092379db4","-","Gold","Gold","","","","CFD"
"140223769124902","1121.99","-0.02","USD","TRADE","","PROCESSED","2026-09-29 08:50:17.074515 +00:00","07101627-0000-5552-0000-50f50006dc17_07101627-0000-5552-0000-000082fd357c","-","DE40","Germany 40","","","","CFD"
"140218822959826","1122.01","3.78","USD","TRADE","","PROCESSED","2026-09-29 07:31:40.725725 +00:00","00384627-0001-54c4-0000-50f5000391e5_00384627-0001-54c4-0000-000089ea6480","-","US100","US Tech 100","","","","CFD"
"140207460645396","1118.23","-5.58","USD","TRADE","","PROCESSED","2026-09-29 04:31:04.447393 +00:00","00018509-0001-54c4-0000-50f50000bff4_00018509-0001-54c4-0000-0000874e892e","-","Oil - Crude","Crude Oil Spot","","","","CFD"
"140179221417856","1123.81","-0.06","USD","SWAP","","PROCESSED","2026-09-28 21:02:13.193476 +00:00","","-","Oil - Crude","Crude Oil Spot","","","","CFD"
"140179135431138","1123.87","-0.52","USD","CASH_ADJUSTMENT_COMMODITIES","","PROCESSED","2026-09-28 21:00:51.675412 +00:00","","-","","","","","","CFD"
"140174106515336","1124.39","-5.61","USD","TRADE","","PROCESSED","2026-09-28 19:40:55.853181 +00:00","000940dd-0001-54c4-0000-50f4001b830f_000940dd-0001-54c4-0000-0000855f2d39","-","BTC/USD","Bitcoin/USD","","","","CFD"
"140169475972222","1130.00","1130.00","USD","DEPOSIT","","PROCESSED","2026-09-28 18:27:19.199200 +00:00","","-","","","0.00","","","CFD"
